dept_id,dept_name,dept_desc
1,경영지원실,"경영지원실은 회사 전반의 운영을 체계적으로 관리하는 핵심 부서이다. 인사, 총무, 재무 등 각종 행정 지원 기능을 통합해 효율적인 조직 운영을 돕는다. 예산 편성, 경영 지표 관리, 사내 규정 제정 등 경영의 근간을 담당하며, 다른 모든 부서가 원활히 일할 수 있도록 인프라를 제공한다."
2,전략기획실,"전략기획실은 회사의 중장기 전략을 수립하고, 각 사업 부문의 목표를 조정하는 컨트롤타워 역할을 한다. 시장 변화와 경쟁사 동향을 분석해 경영진 의사결정을 지원하며, 신규 사업 발굴 및 실행 계획 수립을 주도한다. 또한 연간 예산과 KPI를 관리해 조직 전체의 성과를 점검한다."
3,재무팀,"재무팀은 회사의 자금 흐름을 총괄하고 재무 건전성을 유지한다. 회계 처리, 세무 관리, 예산 편성 및 운용 등 재무 전반의 업무를 수행하며, 재무제표 작성과 외부 감사 대응도 담당한다. 투자 분석과 비용 절감 전략을 통해 회사의 수익성과 지속 가능성을 높인다."
4,법무팀,"법무팀은 회사의 법적 리스크를 예방하고 관리하는 역할을 한다. 계약서 검토, 분쟁 조정, 소송 대응, 규제 준수 등 다양한 법무 업무를 수행한다. 또한 지식재산권 관리 및 법률 자문을 통해 경영진과 사업 부서의 합법적 의사결정을 지원한다."
5,인사팀,"인사팀은 인재 확보와 육성, 평가, 보상 등 인적 자원 관리의 전 과정을 담당한다. 채용 프로세스 설계, 성과 평가, 승진 및 급여 정책 운영을 통해 조직의 역량을 강화한다. 직원 만족도 향상과 조직문화 개선을 위한 다양한 제도도 기획·운영한다."
6,총무팀,"총무팀은 사내 자산 관리, 시설 유지보수, 복리후생 및 문서 관리 등 행정 전반을 담당한다. 사무환경 조성, 비품 구매, 출장 및 회의 지원 등 실무적 지원을 통해 조직의 효율성을 높인다. 또한 안전관리와 행사 운영 등 회사 생활의 모든 기반을 관리한다."
7,홍보팀,"홍보팀은 대내외 커뮤니케이션을 통해 회사의 이미지를 구축하고 관리한다. 언론 대응, 보도자료 작성, SNS 및 미디어 콘텐츠 기획 등 다양한 홍보 활동을 수행한다. 위기 발생 시에는 신속한 대응과 메시지 관리로 기업 평판을 보호한다."
8,IR팀,"IR팀은 투자자 및 주주와의 신뢰를 유지하기 위한 정보 공개와 커뮤니케이션을 담당한다. 분기별 실적 발표, 투자설명회(IR 미팅), 공시자료 작성 등을 통해 투명한 경영을 지원한다. 또한 주가 및 시장 반응을 분석해 경영진에게 전략적 인사이트를 제공한다."
9,구매팀,"구매팀은 원자재, 부품, 장비 등의 조달을 총괄하고 협력업체를 관리한다. 공급망 안정화와 원가 절감을 목표로 최적의 거래 조건을 확보한다. 또한 공급업체 품질 평가와 계약 협상을 통해 안정적 생산 기반을 유지한다."
10,물류관리팀,"물류관리팀은 제품 및 자재의 입출고, 운송, 재고 관리 등 공급망 전반을 운영한다. 물류 효율화를 위한 시스템 개선과 운송비 절감 전략을 추진한다. 또한 생산 일정과 연동하여 적시 배송을 보장하며, 물류 파트너사와 긴밀히 협업한다."
11,생산기술팀,"생산기술팀은 생산 공정의 효율화와 자동화를 위한 기술적 기반을 구축한다. 설비 개선, 공정 설계, 장비 도입 등을 통해 생산 품질과 생산성을 높인다. 또한 신제품 양산 이전의 시제품 테스트 및 기술 검증도 수행한다."
12,품질관리팀,"품질관리팀은 제품과 서비스의 품질을 체계적으로 보증하는 역할을 한다. 검사 기준을 수립하고, 불량률 분석 및 개선 활동을 주도한다. 고객 불만 데이터를 기반으로 품질 향상 프로젝트를 수행하며, 외부 인증 및 품질 감사에도 대응한다."
13,연구개발본부,"연구개발본부는 신기술 연구와 신제품 개발을 총괄하는 핵심 조직이다. 시장의 기술 트렌드를 분석하고, 차세대 기술 확보를 위한 장기 연구를 수행한다. 특허 관리, 산학 협력, 기술 이전 등 지식재산 관련 업무도 담당한다."
14,반도체개발팀,"반도체개발팀은 반도체 공정 기술과 회로 설계를 연구하며, 차세대 칩 개발을 주도한다. 공정 효율화, 수율 개선, 신소재 적용 연구 등을 통해 기술 경쟁력을 강화한다. 또한 글로벌 시장 요구에 맞춘 맞춤형 반도체 제품을 설계한다."
15,디스플레이개발팀,"디스플레이개발팀은 OLED, QLED 등 첨단 디스플레이 기술을 연구하고 시제품을 개발한다. 색재현율, 소비전력, 내구성 등 핵심 성능을 향상시키기 위한 실험을 수행한다. 또한 생산 기술팀과 협력해 양산화를 위한 공정 개선을 추진한다."
16,모바일개발팀,"모바일개발팀은 스마트폰, 태블릿 등 모바일 기기의 하드웨어 및 소프트웨어를 개발한다. 기능 설계, 회로 최적화, UI·UX 테스트 등 전 주기를 담당하며, 사용자의 경험을 최우선으로 고려한다. 신기술 트렌드 반영을 위해 OS, 칩셋, 네트워크 등 관련 부서와 협력한다."
17,AI솔루션팀,"AI솔루션팀은 인공지능 기반의 제품 및 서비스를 개발하고, 데이터 분석을 통해 비즈니스 가치를 창출한다. 머신러닝, 딥러닝, 자연어처리 등 다양한 AI 기술을 응용하여 내부 프로세스 자동화 및 예측 모델을 구축한다. 또한 다른 부서의 AI 적용을 위한 기술 자문도 수행한다."
18,소프트웨어개발팀,"소프트웨어개발팀은 운영체제, 임베디드 시스템, 응용 프로그램 등 다양한 소프트웨어를 설계·개발한다. 시스템 성능 최적화, 버그 수정, 코드 품질 관리 등 유지보수 전반을 담당한다. 하드웨어 팀과 협력하여 통합 제품 품질을 보장한다."
19,보안기술팀,"보안기술팀은 사이버 보안과 정보 보호를 전담한다. 내부 네트워크 보안, 데이터 암호화, 접근 제어 시스템을 설계하고 운영한다. 보안 사고 대응 프로세스를 구축하며, 정기적인 모의 해킹과 취약점 점검을 수행한다."
20,마케팅전략팀,"마케팅전략팀은 시장조사와 경쟁 분석을 기반으로 제품 포지셔닝과 가격 전략을 수립한다. 광고 캠페인과 프로모션 기획을 통해 브랜드 가치를 높인다. 영업 부서와 협력하여 판매 데이터를 분석하고, 소비자 행동 변화에 대응한다."
21,브랜드관리팀,"브랜드관리팀은 회사의 브랜드 아이덴티티를 강화하고 일관된 이미지를 유지한다. 광고, 이벤트, 콘텐츠 기획을 통해 브랜드 인지도를 확산시킨다. 위기 상황에서는 홍보팀과 협력해 평판 관리 전략을 실행한다."
22,영업1팀,"영업1팀은 국내 시장을 중심으로 고객사와의 거래 관계를 관리한다. 제품 판매, 계약 협상, 수금 및 고객 관리 업무를 수행한다. 시장 피드백을 수집해 마케팅과 제품개발팀에 전달하여 제품 개선을 지원한다."
23,영업2팀,"영업2팀은 해외 시장 개척과 수출 확대를 담당한다. 해외 바이어 관리, 수출입 계약 체결, 현지 파트너십 구축을 수행한다. 또한 해외 전시회 및 마케팅 활동을 통해 글로벌 브랜드 인지도를 높인다."
24,고객서비스팀,"고객서비스팀은 고객 문의, 불만, A/S 요청을 처리하며 서비스 품질을 개선한다. 고객 피드백을 분석해 제품개선에 반영하고, 서비스 프로세스를 지속적으로 최적화한다. 또한 고객 만족도 조사를 정기적으로 수행한다."
25,IT인프라팀,"IT인프라팀은 사내 정보시스템의 안정적인 운영을 책임진다. 서버, 네트워크, 클라우드 인프라를 구축·관리하고, 장애 대응 및 성능 최적화를 수행한다. 또한 정보 보안 정책 준수와 시스템 업그레이드를 지속적으로 진행한다."
26,데이터분석팀,"데이터분석팀은 회사 내 다양한 데이터를 수집·정제·분석해 전략적 의사결정을 지원한다. BI 대시보드 구축, 예측 모델 개발, 고객 행동 분석 등 데이터 기반 프로젝트를 수행한다. 또한 데이터 품질 관리와 분석 자동화를 위한 기술을 연구한다."
27,UX디자인팀,"UX디자인팀은 사용자 중심의 인터페이스와 경험을 설계한다. 서비스 흐름, 화면 구성, 시각적 요소를 통합적으로 고려하여 제품 사용성을 개선한다. 또한 사용자 테스트를 통해 피드백을 수집하고, 이를 반영해 디자인을 고도화한다."
28,환경안전팀,"환경안전팀은 산업안전과 환경보호를 위한 정책을 수립하고 관리한다. 작업장 안전 점검, 사고 예방 교육, 환경 규제 대응 등 다양한 활동을 수행한다. ESG 경영과 지속가능성 보고서 작성 등 사회적 책임 관련 업무도 담당한다."
29,해외사업팀,"해외사업팀은 해외 지사 운영과 현지 마케팅을 총괄한다. 각 지역별 시장 특성에 맞는 판매 전략을 수립하고, 파트너십 및 합작사업을 추진한다. 또한 글로벌 본사와 현지 법인 간의 커뮤니케이션을 조정한다."
30,교육개발팀,"교육개발팀은 임직원의 역량 개발과 리더십 강화를 위한 교육 프로그램을 기획·운영한다. 온·오프라인 교육 플랫폼을 관리하고, 사내 멘토링 및 코칭 제도를 지원한다. 또한 직무별 교육 니즈를 분석해 맞춤형 커리큘럼을 제공한다."
